{"source":2,"revision":2,"description":null,"createdBy":{"displayName":"Randy Patterson","url":"https://spsprodcus3.vssps.visualstudio.com/A7dc219c3-6934-436a-b973-33f9649dad6c/_apis/Identities/7d520891-8c65-614b-a76c-f766babb492a","_links":{"avatar":{"href":"https://dev.azure.com/User1-12969964/_apis/GraphProfile/MemberAvatars/aad.N2Q1MjA4OTEtOGM2NS03MTRiLWE3NmMtZjc2NmJhYmI0OTJh"}},"id":"7d520891-8c65-614b-a76c-f766babb492a","uniqueName":"User1-12969964@lodsasdoutlook.onmicrosoft.com","imageUrl":"https://dev.azure.com/User1-12969964/_apis/GraphProfile/MemberAvatars/aad.N2Q1MjA4OTEtOGM2NS03MTRiLWE3NmMtZjc2NmJhYmI0OTJh","descriptor":"aad.N2Q1MjA4OTEtOGM2NS03MTRiLWE3NmMtZjc2NmJhYmI0OTJh"},"createdOn":"2020-07-17T19:33:46.077Z","modifiedBy":{"displayName":"Randy Patterson","url":"https://spsprodcus3.vssps.visualstudio.com/A7dc219c3-6934-436a-b973-33f9649dad6c/_apis/Identities/7d520891-8c65-614b-a76c-f766babb492a","_links":{"avatar":{"href":"https://dev.azure.com/User1-12969964/_apis/GraphProfile/MemberAvatars/aad.N2Q1MjA4OTEtOGM2NS03MTRiLWE3NmMtZjc2NmJhYmI0OTJh"}},"id":"7d520891-8c65-614b-a76c-f766babb492a","uniqueName":"User1-12969964@lodsasdoutlook.onmicrosoft.com","imageUrl":"https://dev.azure.com/User1-12969964/_apis/GraphProfile/MemberAvatars/aad.N2Q1MjA4OTEtOGM2NS03MTRiLWE3NmMtZjc2NmJhYmI0OTJh","descriptor":"aad.N2Q1MjA4OTEtOGM2NS03MTRiLWE3NmMtZjc2NmJhYmI0OTJh"},"modifiedOn":"2020-07-17T19:48:53.700Z","isDeleted":false,"lastRelease":{"id":2,"name":"Release-2","artifacts":[],"_links":{},"description":"Triggered by Web Apps on Linux - CI 2.","releaseDefinition":{"id":1,"projectReference":null,"_links":{}},"createdOn":"2020-07-17T19:51:39.687Z","createdBy":{"displayName":"Randy Patterson","url":"https://spsprodcus3.vssps.visualstudio.com/A7dc219c3-6934-436a-b973-33f9649dad6c/_apis/Identities/7d520891-8c65-614b-a76c-f766babb492a","_links":{"avatar":{"href":"https://dev.azure.com/User1-12969964/_apis/GraphProfile/MemberAvatars/aad.N2Q1MjA4OTEtOGM2NS03MTRiLWE3NmMtZjc2NmJhYmI0OTJh"}},"id":"7d520891-8c65-614b-a76c-f766babb492a","uniqueName":"User1-12969964@lodsasdoutlook.onmicrosoft.com","imageUrl":"https://dev.azure.com/User1-12969964/_apis/GraphProfile/MemberAvatars/aad.N2Q1MjA4OTEtOGM2NS03MTRiLWE3NmMtZjc2NmJhYmI0OTJh","descriptor":"aad.N2Q1MjA4OTEtOGM2NS03MTRiLWE3NmMtZjc2NmJhYmI0OTJh"}},"variables":{},"variableGroups":[],"environments":[{"id":1,"name":"Stage 1","rank":1,"owner":{"displayName":"Randy Patterson","url":"https://spsprodcus3.vssps.visualstudio.com/A7dc219c3-6934-436a-b973-33f9649dad6c/_apis/Identities/7d520891-8c65-614b-a76c-f766babb492a","_links":{"avatar":{"href":"https://dev.azure.com/User1-12969964/_apis/GraphProfile/MemberAvatars/aad.N2Q1MjA4OTEtOGM2NS03MTRiLWE3NmMtZjc2NmJhYmI0OTJh"}},"id":"7d520891-8c65-614b-a76c-f766babb492a","uniqueName":"User1-12969964@lodsasdoutlook.onmicrosoft.com","imageUrl":"https://dev.azure.com/User1-12969964/_apis/GraphProfile/MemberAvatars/aad.N2Q1MjA4OTEtOGM2NS03MTRiLWE3NmMtZjc2NmJhYmI0OTJh","descriptor":"aad.N2Q1MjA4OTEtOGM2NS03MTRiLWE3NmMtZjc2NmJhYmI0OTJh"},"variables":{},"variableGroups":[],"preDeployApprovals":{"approvals":[{"rank":1,"isAutomated":true,"isNotificationOn":false,"id":1}],"approvalOptions":{"requiredApproverCount":null,"releaseCreatorCanBeApprover":false,"autoTriggeredAndPreviousEnvironmentApprovedCanBeSkipped":false,"enforceIdentityRevalidation":false,"timeoutInMinutes":0,"executionOrder":1}},"deployStep":{"id":2},"postDeployApprovals":{"approvals":[{"rank":1,"isAutomated":true,"isNotificationOn":false,"id":3}],"approvalOptions":{"requiredApproverCount":null,"releaseCreatorCanBeApprover":false,"autoTriggeredAndPreviousEnvironmentApprovedCanBeSkipped":false,"enforceIdentityRevalidation":false,"timeoutInMinutes":0,"executionOrder":2}},"deployPhases":[{"deploymentInput":{"parallelExecution":{"parallelExecutionType":0},"agentSpecification":{"identifier":"ubuntu-16.04"},"skipArtifactsDownload":false,"artifactsDownloadInput":{"downloadInputs":[]},"queueId":9,"demands":[],"enableAccessToken":false,"timeoutInMinutes":0,"jobCancelTimeoutInMinutes":1,"condition":"succeeded()","overrideInputs":{}},"rank":1,"phaseType":1,"name":"Agent job","refName":null,"workflowTasks":[{"environment":{},"taskId":"cbc316a2-586f-4def-be79-488a1f503564","version":"1.*","name":"kubectl apply webapp","refName":"","enabled":true,"alwaysRun":false,"continueOnError":false,"timeoutInMinutes":0,"definitionType":"task","overrideInputs":{},"condition":"succeeded()","inputs":{"connectionType":"Kubernetes Service Connection","kubernetesServiceEndpoint":"0e468465-8b63-4ec0-8a00-c204ce28ceba","azureSubscriptionEndpoint":"","azureResourceGroup":"","kubernetesCluster":"","useClusterAdmin":"false","namespace":"","command":"apply","useConfigurationFile":"true","configurationType":"configuration","configuration":"$(System.DefaultWorkingDirectory)/_Web Apps on Linux - CI/frontend-webapp/frontend-webapp.yaml","inline":"","arguments":"","secretType":"dockerRegistry","secretArguments":"","containerRegistryType":"Container Registry","dockerRegistryEndpoint":"f1059af0-97c7-423a-a4dd-4bee4a78f541","azureSubscriptionEndpointForSecrets":"","azureContainerRegistry":"","secretName":"act","forceUpdate":"true","configMapName":"","forceUpdateConfigMap":"false","useConfigMapFile":"false","configMapFile":"","configMapArguments":"","versionOrLocation":"version","versionSpec":"1.13.2","checkLatest":"false","specifyLocation":"","cwd":"$(System.DefaultWorkingDirectory)","outputFormat":"json"}},{"environment":{},"taskId":"cbc316a2-586f-4def-be79-488a1f503564","version":"1.*","name":"kubectl apply webapi","refName":"","enabled":true,"alwaysRun":false,"continueOnError":false,"timeoutInMinutes":0,"definitionType":"task","overrideInputs":{},"condition":"succeeded()","inputs":{"connectionType":"Kubernetes Service Connection","kubernetesServiceEndpoint":"0e468465-8b63-4ec0-8a00-c204ce28ceba","azureSubscriptionEndpoint":"","azureResourceGroup":"","kubernetesCluster":"","useClusterAdmin":"false","namespace":"default","command":"apply","useConfigurationFile":"true","configurationType":"configuration","configuration":"$(System.DefaultWorkingDirectory)/_Web Apps on Linux - CI/backend-webapi/backend-webapi.yaml","inline":"","arguments":"","secretType":"dockerRegistry","secretArguments":"","containerRegistryType":"Container Registry","dockerRegistryEndpoint":"f1059af0-97c7-423a-a4dd-4bee4a78f541","azureSubscriptionEndpointForSecrets":"","azureContainerRegistry":"","secretName":"acr","forceUpdate":"true","configMapName":"","forceUpdateConfigMap":"false","useConfigMapFile":"false","configMapFile":"","configMapArguments":"","versionOrLocation":"version","versionSpec":"1.13.2","checkLatest":"false","specifyLocation":"","cwd":"$(System.DefaultWorkingDirectory)","outputFormat":"json"}}]}],"environmentOptions":{"emailNotificationType":"OnlyOnFailure","emailRecipients":"release.environment.owner;release.creator","skipArtifactsDownload":false,"timeoutInMinutes":0,"enableAccessToken":false,"publishDeploymentStatus":true,"badgeEnabled":false,"autoLinkWorkItems":false,"pullRequestDeploymentEnabled":false},"demands":[],"conditions":[{"name":"ReleaseStarted","conditionType":1,"value":""}],"executionPolicy":{"concurrencyCount":1,"queueDepthCount":0},"schedules":[],"currentRelease":{"id":2,"url":"https://vsrm.dev.azure.com/User1-12969964/89d96e59-dc14-4dfe-be52-1c8dbfb28ba4/_apis/Release/releases/2","_links":{}},"retentionPolicy":{"daysToKeep":30,"releasesToKeep":3,"retainBuild":true},"processParameters":{},"properties":{"BoardsEnvironmentType":{"$type":"System.String","$value":"unmapped"},"LinkBoardsWorkItems":{"$type":"System.String","$value":"False"}},"preDeploymentGates":{"id":0,"gatesOptions":null,"gates":[]},"postDeploymentGates":{"id":0,"gatesOptions":null,"gates":[]},"environmentTriggers":[],"badgeUrl":"https://vsrm.dev.azure.com/User1-12969964/_apis/public/Release/badge/89d96e59-dc14-4dfe-be52-1c8dbfb28ba4/1/1"}],"artifacts":[{"sourceId":"89d96e59-dc14-4dfe-be52-1c8dbfb28ba4:1","type":"Build","alias":"_Web Apps on Linux - CI","definitionReference":{"artifactSourceDefinitionUrl":{"id":"https://dev.azure.com/User1-12969964/_permalink/_build/index?collectionId=7e3c34f1-1b01-48bf-a7e6-a1a20a4335c7&projectId=89d96e59-dc14-4dfe-be52-1c8dbfb28ba4&definitionId=1","name":""},"defaultVersionBranch":{"id":"","name":""},"defaultVersionSpecific":{"id":"","name":""},"defaultVersionTags":{"id":"","name":""},"defaultVersionType":{"id":"latestType","name":"Latest"},"definition":{"id":"1","name":"Web Apps on Linux - CI"},"definitions":{"id":"","name":""},"IsMultiDefinitionType":{"id":"False","name":"False"},"project":{"id":"89d96e59-dc14-4dfe-be52-1c8dbfb28ba4","name":"firstproject"},"repository":{"id":"","name":""}},"isPrimary":true,"isRetained":false}],"triggers":[{"artifactAlias":"_Web Apps on Linux - CI","triggerConditions":[],"triggerType":1}],"releaseNameFormat":"Release-$(rev:r)","tags":[],"properties":{"DefinitionCreationSource":{"$type":"System.String","$value":"ReleaseNew"},"IntegrateBoardsWorkItems":{"$type":"System.String","$value":"False"},"IntegrateJiraWorkItems":{"$type":"System.String","$value":"false"}},"id":1,"name":"AKS - Release","path":"\\","projectReference":null,"url":"https://vsrm.dev.azure.com/User1-12969964/89d96e59-dc14-4dfe-be52-1c8dbfb28ba4/_apis/Release/definitions/1","_links":{"self":{"href":"https://vsrm.dev.azure.com/User1-12969964/89d96e59-dc14-4dfe-be52-1c8dbfb28ba4/_apis/Release/definitions/1"},"web":{"href":"https://dev.azure.com/User1-12969964/89d96e59-dc14-4dfe-be52-1c8dbfb28ba4/_release?definitionId=1"}}}