{"source":2,"revision":2,"description":null,"createdBy":{"displayName":"Randy Patterson","url":"https://spsprodcus2.vssps.visualstudio.com/Ac4f17657-b8ad-4d27-924f-0451b08c3e3a/_apis/Identities/ed55fc09-d402-61a2-9d96-9103971dcbaa","_links":{"avatar":{"href":"https://dev.azure.com/User1-13433544/_apis/GraphProfile/MemberAvatars/aad.ZWQ1NWZjMDktZDQwMi03MWEyLTlkOTYtOTEwMzk3MWRjYmFh"}},"id":"ed55fc09-d402-61a2-9d96-9103971dcbaa","uniqueName":"User1-13433544@lodsasdoutlook.onmicrosoft.com","imageUrl":"https://dev.azure.com/User1-13433544/_apis/GraphProfile/MemberAvatars/aad.ZWQ1NWZjMDktZDQwMi03MWEyLTlkOTYtOTEwMzk3MWRjYmFh","descriptor":"aad.ZWQ1NWZjMDktZDQwMi03MWEyLTlkOTYtOTEwMzk3MWRjYmFh"},"createdOn":"2020-09-03T15:53:39.580Z","modifiedBy":{"displayName":"Randy Patterson","url":"https://spsprodcus2.vssps.visualstudio.com/Ac4f17657-b8ad-4d27-924f-0451b08c3e3a/_apis/Identities/ed55fc09-d402-61a2-9d96-9103971dcbaa","_links":{"avatar":{"href":"https://dev.azure.com/User1-13433544/_apis/GraphProfile/MemberAvatars/aad.ZWQ1NWZjMDktZDQwMi03MWEyLTlkOTYtOTEwMzk3MWRjYmFh"}},"id":"ed55fc09-d402-61a2-9d96-9103971dcbaa","uniqueName":"User1-13433544@lodsasdoutlook.onmicrosoft.com","imageUrl":"https://dev.azure.com/User1-13433544/_apis/GraphProfile/MemberAvatars/aad.ZWQ1NWZjMDktZDQwMi03MWEyLTlkOTYtOTEwMzk3MWRjYmFh","descriptor":"aad.ZWQ1NWZjMDktZDQwMi03MWEyLTlkOTYtOTEwMzk3MWRjYmFh"},"modifiedOn":"2020-09-03T16:01:04.403Z","isDeleted":false,"lastRelease":{"id":5,"name":"Release-1","artifacts":[],"_links":{},"description":"","releaseDefinition":{"id":2,"projectReference":null,"_links":{}},"createdOn":"2020-09-03T15:53:46.043Z","createdBy":{"displayName":"Randy Patterson","url":"https://spsprodcus2.vssps.visualstudio.com/Ac4f17657-b8ad-4d27-924f-0451b08c3e3a/_apis/Identities/ed55fc09-d402-61a2-9d96-9103971dcbaa","_links":{"avatar":{"href":"https://dev.azure.com/User1-13433544/_apis/GraphProfile/MemberAvatars/aad.ZWQ1NWZjMDktZDQwMi03MWEyLTlkOTYtOTEwMzk3MWRjYmFh"}},"id":"ed55fc09-d402-61a2-9d96-9103971dcbaa","uniqueName":"User1-13433544@lodsasdoutlook.onmicrosoft.com","imageUrl":"https://dev.azure.com/User1-13433544/_apis/GraphProfile/MemberAvatars/aad.ZWQ1NWZjMDktZDQwMi03MWEyLTlkOTYtOTEwMzk3MWRjYmFh","descriptor":"aad.ZWQ1NWZjMDktZDQwMi03MWEyLTlkOTYtOTEwMzk3MWRjYmFh"}},"variables":{},"variableGroups":[],"environments":[{"id":2,"name":"Stage 1","rank":1,"owner":{"displayName":"Randy Patterson","url":"https://spsprodcus2.vssps.visualstudio.com/Ac4f17657-b8ad-4d27-924f-0451b08c3e3a/_apis/Identities/ed55fc09-d402-61a2-9d96-9103971dcbaa","_links":{"avatar":{"href":"https://dev.azure.com/User1-13433544/_apis/GraphProfile/MemberAvatars/aad.ZWQ1NWZjMDktZDQwMi03MWEyLTlkOTYtOTEwMzk3MWRjYmFh"}},"id":"ed55fc09-d402-61a2-9d96-9103971dcbaa","uniqueName":"User1-13433544@lodsasdoutlook.onmicrosoft.com","imageUrl":"https://dev.azure.com/User1-13433544/_apis/GraphProfile/MemberAvatars/aad.ZWQ1NWZjMDktZDQwMi03MWEyLTlkOTYtOTEwMzk3MWRjYmFh","descriptor":"aad.ZWQ1NWZjMDktZDQwMi03MWEyLTlkOTYtOTEwMzk3MWRjYmFh"},"variables":{},"variableGroups":[],"preDeployApprovals":{"approvals":[{"rank":1,"isAutomated":true,"isNotificationOn":false,"id":4}],"approvalOptions":{"requiredApproverCount":null,"releaseCreatorCanBeApprover":false,"autoTriggeredAndPreviousEnvironmentApprovedCanBeSkipped":false,"enforceIdentityRevalidation":false,"timeoutInMinutes":0,"executionOrder":1}},"deployStep":{"id":5},"postDeployApprovals":{"approvals":[{"rank":1,"isAutomated":true,"isNotificationOn":false,"id":6}],"approvalOptions":{"requiredApproverCount":null,"releaseCreatorCanBeApprover":false,"autoTriggeredAndPreviousEnvironmentApprovedCanBeSkipped":false,"enforceIdentityRevalidation":false,"timeoutInMinutes":0,"executionOrder":2}},"deployPhases":[{"deploymentInput":{"parallelExecution":{"parallelExecutionType":0},"agentSpecification":{"identifier":"vs2017-win2016"},"skipArtifactsDownload":false,"artifactsDownloadInput":{"downloadInputs":[]},"queueId":9,"demands":[],"enableAccessToken":false,"timeoutInMinutes":0,"jobCancelTimeoutInMinutes":1,"condition":"succeeded()","overrideInputs":{}},"rank":1,"phaseType":1,"name":"Agent job","refName":null,"workflowTasks":[{"environment":{},"taskId":"cbc316a2-586f-4def-be79-488a1f503564","version":"1.*","name":"kubectl apply","refName":"","enabled":true,"alwaysRun":false,"continueOnError":false,"timeoutInMinutes":0,"definitionType":"task","overrideInputs":{},"condition":"succeeded()","inputs":{"connectionType":"Kubernetes Service Connection","kubernetesServiceEndpoint":"df774f07-61b4-4eef-8360-a65928229a7c","azureSubscriptionEndpoint":"","azureResourceGroup":"","kubernetesCluster":"","useClusterAdmin":"false","namespace":"default","command":"apply","useConfigurationFile":"true","configurationType":"configuration","configuration":"$(System.DefaultWorkingDirectory)/_Web Apps on Windows-CI/frontend.yaml/frontend.yaml","inline":"","arguments":"","secretType":"dockerRegistry","secretArguments":"","containerRegistryType":"Container Registry","dockerRegistryEndpoint":"b7947771-167b-4d13-a635-21946cafa39c","azureSubscriptionEndpointForSecrets":"","azureContainerRegistry":"","secretName":"acr","forceUpdate":"true","configMapName":"","forceUpdateConfigMap":"false","useConfigMapFile":"false","configMapFile":"","configMapArguments":"","versionOrLocation":"version","versionSpec":"1.13.2","checkLatest":"false","specifyLocation":"","cwd":"$(System.DefaultWorkingDirectory)","outputFormat":"json"}}]}],"environmentOptions":{"emailNotificationType":"OnlyOnFailure","emailRecipients":"release.environment.owner;release.creator","skipArtifactsDownload":false,"timeoutInMinutes":0,"enableAccessToken":false,"publishDeploymentStatus":true,"badgeEnabled":false,"autoLinkWorkItems":false,"pullRequestDeploymentEnabled":false},"demands":[],"conditions":[{"name":"ReleaseStarted","conditionType":1,"value":""}],"executionPolicy":{"concurrencyCount":1,"queueDepthCount":0},"schedules":[],"currentRelease":{"id":5,"url":"https://vsrm.dev.azure.com/User1-13433544/73afbe7e-cee7-4ce0-94d2-420b445c7764/_apis/Release/releases/5","_links":{}},"retentionPolicy":{"daysToKeep":30,"releasesToKeep":3,"retainBuild":true},"processParameters":{},"properties":{"BoardsEnvironmentType":{"$type":"System.String","$value":"unmapped"},"LinkBoardsWorkItems":{"$type":"System.String","$value":"False"}},"preDeploymentGates":{"id":0,"gatesOptions":null,"gates":[]},"postDeploymentGates":{"id":0,"gatesOptions":null,"gates":[]},"environmentTriggers":[],"badgeUrl":"https://vsrm.dev.azure.com/User1-13433544/_apis/public/Release/badge/73afbe7e-cee7-4ce0-94d2-420b445c7764/2/2"}],"artifacts":[{"sourceId":"73afbe7e-cee7-4ce0-94d2-420b445c7764:2","type":"Build","alias":"_Web Apps on Windows-CI","definitionReference":{"artifactSourceDefinitionUrl":{"id":"https://dev.azure.com/User1-13433544/_permalink/_build/index?collectionId=f7f46644-d459-47de-a8e8-513da8ffea4b&projectId=73afbe7e-cee7-4ce0-94d2-420b445c7764&definitionId=2","name":""},"defaultVersionBranch":{"id":"","name":""},"defaultVersionSpecific":{"id":"","name":""},"defaultVersionTags":{"id":"","name":""},"defaultVersionType":{"id":"latestType","name":"Latest"},"definition":{"id":"2","name":"Web Apps on Windows-CI"},"definitions":{"id":"","name":""},"IsMultiDefinitionType":{"id":"False","name":"False"},"project":{"id":"73afbe7e-cee7-4ce0-94d2-420b445c7764","name":"firstproject"},"repository":{"id":"","name":""}},"isPrimary":true,"isRetained":false}],"triggers":[],"releaseNameFormat":"Release-$(rev:r)","tags":[],"properties":{"DefinitionCreationSource":{"$type":"System.String","$value":"ReleaseNew"},"IntegrateBoardsWorkItems":{"$type":"System.String","$value":"False"},"IntegrateJiraWorkItems":{"$type":"System.String","$value":"false"}},"id":2,"name":"AKS-Win Release","path":"\\","projectReference":null,"url":"https://vsrm.dev.azure.com/User1-13433544/73afbe7e-cee7-4ce0-94d2-420b445c7764/_apis/Release/definitions/2","_links":{"self":{"href":"https://vsrm.dev.azure.com/User1-13433544/73afbe7e-cee7-4ce0-94d2-420b445c7764/_apis/Release/definitions/2"},"web":{"href":"https://dev.azure.com/User1-13433544/73afbe7e-cee7-4ce0-94d2-420b445c7764/_release?definitionId=2"}}}